{"cameraMode":{"drawMode":0,"name":"Shaded","section":"Shading Mode"},"sceneLighting":true,"audioPlay":false,"sceneViewState":{"m_AlwaysRefresh":false,"showFog":true,"showSkybox":true,"showFlares":true,"showImageEffects":true,"showParticleSystems":true,"showVisualEffectGraphs":true,"m_FxEnabled":true},"in2DMode":false,"pivot":{"x":1.0538711547851563,"y":-0.9589694142341614,"z":-3.87705135345459},"rotation":{"x":0.0036056742537766697,"y":0.9765591025352478,"z":-0.21459662914276124,"w":0.016408592462539674},"size":252.04075622558595,"orthographic":false}